PlayerName,Team,Position,Week,Opponent,ProjPassYd,ProjPassTD,ProjPassINT,ProjRushAtt,ProjRushYd,ProjRushTD,ProjRecCount,ProjRecYd,ProjRecTD,ActualPassYd,ActualPassTD,ActualPassINT,ActualRushAtt,ActualRushYd,ActualRushTD,ActualRecCount,ActualRecYd,ActualRecTD,FanProjStd,FanProjPPR1,FanProjPPRHalf,FanActualStd,FanActualPPR1,FanActualPPRHalf,DiffPassYds,DiffPassTD,DiffPassINT,DiffRushAtt,DiffRushYd,DiffRushTD,DiffRecCount,DiffRecYd,DiffRecTD,DiffStandard,DiffPPR1,DiffPPRHalf
Aaron Rodgers,GB,QB,9,SF,269.96,2.07,0.39,1.68,8.5,0.08,0,0,0,305,4,0,1,7,0,0,0,0,20.02,20.02,20.02,28.9,28.9,28.9,35.04,1.93,-0.39,-0.68,-1.5,-0.08,0,0,0,8.88,8.88,8.88
Nick Mullens,SF,QB,9,GB,255.19,1.28,0.94,2.08,8.41,0.1,0,0,0,291,1,0,1,0,0,0,0,0,15.83,15.83,15.83,15.64,15.64,15.64,35.81,-0.28,-0.94,-1.08,-8.41,-0.1,0,0,0,-0.19,-0.19,-0.19
JaMycal Hasty,SF,RB,9,GB,0,0,0,17.43,74.56,0.63,3.05,27.94,0.11,0,0,0,4,3,0,2,10,0,14.69,17.74,16.22,1.3,3.3,2.3,0,0,0,-13.43,-71.56,-0.63,-1.05,-17.94,-0.11,-13.39,-14.44,-13.92
Aaron Jones,GB,RB,9,SF,0,0,0,10.22,48.1,0.53,2.59,21.69,0.14,0,0,0,15,58,0,5,21,0,11,13.59,12.3,7.9,12.9,10.4,0,0,0,4.78,9.9,-0.53,2.41,-0.69,-0.14,-3.1,-0.69,-1.89
Tyler Ervin,GB,RB,9,SF,0,0,0,10.52,44.29,0.27,2.81,19.12,0.17,0,0,0,8,24,0,4,48,0,8.98,11.79,10.38,7.2,11.2,9.2,0,0,0,-2.52,-20.29,-0.27,1.19,28.88,-0.17,-1.78,-0.59,-1.19
Jerick McKinnon,SF,RB,9,GB,0,0,0,6.93,29.32,0.22,2.98,28.05,0.12,0,0,0,12,52,1,3,16,0,7.78,10.76,9.27,12.8,15.8,14.3,0,0,0,5.07,22.68,0.78,0.02,-12.05,-0.12,5.02,5.04,5.03
Kyle Juszczyk,SF,RB,9,GB,0,0,0,1.11,4.8,0.04,1.49,18.13,0.07,0,0,0,0,0,0,1,4,0,2.95,4.44,3.7,0.4,1.4,0.9,0,0,0,-1.11,-4.8,-0.04,-0.49,-14.13,-0.07,-2.55,-3.04,-2.8
Dexter Williams,GB,RB,9,SF,0,0,0,2.5,10.44,0.07,0.32,2.27,0.02,0,0,0,2,8,0,0,0,0,1.81,2.13,1.97,0.8,0.8,0.8,0,0,0,-0.5,-2.44,-0.07,-0.32,-2.27,-0.02,-1.01,-1.33,-1.17
Davante Adams,GB,WR,9,SF,0,0,0,0,0,0,7.71,91.31,0.75,0,0,0,0,0,0,10,173,1,13.63,21.34,17.48,23.3,33.3,28.3,0,0,0,0,0,0,2.29,81.69,0.25,9.67,11.96,10.82
Trent Taylor,SF,WR,9,GB,0,0,0,0,0,0,4.29,52.9,0.28,0,0,0,0,0,0,1,9,0,6.97,11.26,9.12,0.9,1.9,1.4,0,0,0,0,0,0,-3.29,-43.9,-0.28,-6.07,-9.36,-7.72
Marquez Valdes-Scantling,GB,WR,9,SF,0,0,0,0.13,0.7,0.01,2.62,38.72,0.24,0,0,0,0,0,0,2,53,2,5.44,8.06,6.75,17.3,19.3,18.3,0,0,0,-0.13,-0.7,-0.01,-0.62,14.28,1.76,11.86,11.24,11.55
Richie James,SF,WR,9,GB,0,0,0,0.06,0.3,0,2.16,35.08,0.15,0,0,0,0,0,0,9,184,1,4.44,6.6,5.52,24.4,33.4,28.9,0,0,0,-0.06,-0.3,0,6.84,148.92,0.85,19.96,26.8,23.38
Darrius Shepherd,GB,WR,9,SF,0,0,0,0,0,0,0.92,11.57,0.08,0,0,0,0,0,0,1,3,0,1.64,2.56,2.1,0.3,1.3,0.8,0,0,0,0,0,0,0.08,-8.57,-0.08,-1.34,-1.26,-1.3
Malik Taylor,GB,WR,9,SF,0,0,0,0,0,0,0.67,8.45,0.06,0,0,0,1,9,0,0,0,0,1.2,1.87,1.54,0.9,0.9,0.9,0,0,0,1,9,0,-0.67,-8.45,-0.06,-0.3,-0.97,-0.63
River Cracraft,SF,WR,9,GB,0,0,0,0,0,0,0.23,3.3,0.01,0,0,0,0,0,0,2,13,0,0.39,0.62,0.5,1.3,3.3,2.3,0,0,0,0,0,0,1.77,9.7,-0.01,0.91,2.68,1.8
Jordan Reed,SF,TE,9,GB,0,0,0,0,0,0,4.67,55.81,0.33,0,0,0,0,0,0,1,3,0,7.56,12.23,9.9,0.3,1.3,0.8,0,0,0,0,0,0,-3.67,-52.81,-0.33,-7.26,-10.93,-9.09
Robert Tonyan,GB,TE,9,SF,0,0,0,0,0,0,3.13,35.04,0.29,0,0,0,0,0,0,1,5,0,5.24,8.37,6.8,0.5,1.5,1,0,0,0,0,0,0,-2.13,-30.04,-0.29,-4.74,-6.87,-5.8
Ross Dwelley,SF,TE,9,GB,0,0,0,0,0,0,2.21,27.16,0.18,0,0,0,0,0,0,3,52,0,3.8,6.01,4.9,5.2,8.2,6.7,0,0,0,0,0,0,0.79,24.84,-0.18,1.4,2.19,1.8
Jace Sternberger,GB,TE,9,SF,0,0,0,0,0,0,1.06,10.78,0.11,0,0,0,0,0,0,1,1,0,1.74,2.8,2.27,0.1,1.1,0.6,0,0,0,0,0,0,-0.06,-9.78,-0.11,-1.64,-1.7,-1.67
Marcedes Lewis,GB,TE,9,SF,0,0,0,0,0,0,0.27,2.96,0.02,0,0,0,0,0,0,1,1,1,0.42,0.69,0.55,6.1,7.1,6.6,0,0,0,0,0,0,0.73,-1.96,0.98,5.68,6.41,6.04
John Lovett,GB,TE,9,SF,0,0,0,0,0,0,0.05,0.52,0.01,0,0,0,3,6,0,0,0,0,0.11,0.16,0.14,0.6,0.6,0.6,0,0,0,3,6,0,-0.05,-0.52,-0.01,0.49,0.44,0.46
Mason Crosby,GB,K,9,SF,0,0,0,0,0,0,0,0,0,0,0,0,0,0,0,0,0,0,9.04,9.04,9.04,10,10,10,0,0,0,0,0,0,0,0,0,0.96,0.96,0.96
Robbie Gould,SF,K,9,GB,0,0,0,0,0,0,0,0,0,0,0,0,0,0,0,0,0,0,7.63,7.63,7.63,5,5,5,0,0,0,0,0,0,0,0,0,-2.63,-2.63,-2.63
Russell Wilson,SEA,QB,9,BUF,277.42,2.49,0.6,4.47,23.71,0.14,0,0,0,390,2,0,2,5,1,0,0,0,23.67,23.67,23.67,30.1,30.1,30.1,112.58,-0.49,-0.6,-2.47,-18.71,0.86,0,0,0,6.43,6.43,6.43
Kyler Murray,ARI,QB,9,MIA,266.91,1.81,0.8,8.16,38.38,0.46,0,0,0,283,3,0,11,106,1,0,0,0,23.71,23.71,23.71,39.92,39.92,39.92,16.09,1.19,-0.8,2.84,67.62,0.54,0,0,0,16.21,16.21,16.21
Josh Allen,BUF,QB,9,SEA,274.19,1.71,0.84,7.36,36.19,0.56,0,0,0,415,3,0,4,17,1,0,0,0,23.95,23.95,23.95,36.3,36.3,36.3,140.81,1.29,-0.84,-3.36,-19.19,0.44,0,0,0,12.35,12.35,12.35
Deshaun Watson,HOU,QB,9,JAC,284.26,1.96,0.8,6.01,28.33,0.38,0,0,0,281,2,0,7,53,0,0,0,0,23.52,23.52,23.52,24.54,24.54,24.54,-3.26,0.04,-0.8,0.99,24.67,-0.38,0,0,0,1.02,1.02,1.02
Patrick Mahomes,KC,QB,9,CAR,281.99,2.1,0.64,4.46,20.07,0.23,0,0,0,372,4,0,1,6,0,0,0,0,22.43,22.43,22.43,31.48,31.48,31.48,90.01,1.9,-0.64,-3.46,-14.07,-0.23,0,0,0,9.05,9.05,9.05
Lamar Jackson,BAL,QB,9,IND,239.27,1.73,0.65,8.33,41.34,0.31,0,0,0,170,0,0,13,58,1,0,0,0,21.83,21.83,21.83,18.6,18.6,18.6,-69.27,-1.73,-0.65,4.67,16.66,0.69,0,0,0,-3.23,-3.23,-3.23
Justin Herbert,LAC,QB,9,LV,293.67,1.98,0.83,3.61,16.16,0.21,0,0,0,326,2,0,5,24,0,0,0,0,21.71,21.71,21.71,23.44,23.44,23.44,32.33,0.02,-0.83,1.39,7.84,-0.21,0,0,0,1.73,1.73,1.73
Matthew Stafford,DET,QB,9,MIN,292.88,1.92,0.62,1.93,7.72,0.08,0,0,0,211,1,0,0,0,0,0,0,0,20.03,20.03,20.03,12.44,12.44,12.44,-81.88,-0.92,-0.62,-1.93,-7.72,-0.08,0,0,0,-7.59,-7.59,-7.59
Tom Brady,TB,QB,9,NO,261.02,2.08,0.5,1.66,4.37,0.08,0,0,0,209,0,0,0,0,0,0,0,0,19.18,19.18,19.18,8.36,8.36,8.36,-52.02,-2.08,-0.5,-1.66,-4.37,-0.08,0,0,0,-10.82,-10.82,-10.82
Derek Carr,LV,QB,9,LAC,261.69,1.87,0.59,2.81,11.68,0.14,0,0,0,165,2,0,2,14,0,0,0,0,19.37,19.37,19.37,16,16,16,-96.69,0.13,-0.59,-0.81,2.32,-0.14,0,0,0,-3.37,-3.37,-3.37
Matt Ryan,ATL,QB,9,DEN,278.06,1.76,0.64,2.03,7.98,0.08,0,0,0,284,3,0,1,12,0,0,0,0,18.8,18.8,18.8,24.56,24.56,24.56,5.94,1.24,-0.64,-1.03,4.02,-0.08,0,0,0,5.76,5.76,5.76
Ryan Tannehill,TEN,QB,9,CHI,253.2,1.56,0.76,3.79,17.13,0.17,0,0,0,158,2,0,1,5,0,0,0,0,18.34,18.34,18.34,14.82,14.82,14.82,-95.2,0.44,-0.76,-2.79,-12.13,-0.17,0,0,0,-3.52,-3.52,-3.52
Drew Brees,NO,QB,9,TB,259.35,1.7,0.49,1.63,4.62,0.06,0,0,0,222,4,0,0,0,0,0,0,0,17.51,17.51,17.51,24.88,24.88,24.88,-37.35,2.3,-0.49,-1.63,-4.62,-0.06,0,0,0,7.37,7.37,7.37
Drew Lock,DEN,QB,9,ATL,258.41,1.58,0.81,2.61,11.78,0.14,0,0,0,313,2,0,7,47,1,0,0,0,17.86,17.86,17.86,31.22,31.22,31.22,54.59,0.42,-0.81,4.39,35.22,0.86,0,0,0,13.36,13.36,13.36
Ben Roethlisberger,PIT,QB,9,DAL,241.67,1.92,0.83,2.08,7.38,0.1,0,0,0,306,3,0,1,8,0,0,0,0,17.85,17.85,17.85,25.04,25.04,25.04,64.33,1.08,-0.83,-1.08,0.62,-0.1,0,0,0,7.19,7.19,7.19
Kirk Cousins,MIN,QB,9,DET,246.05,1.9,0.67,1.08,4.37,0.06,0,0,0,220,3,0,0,0,0,0,0,0,17.57,17.57,17.57,20.8,20.8,20.8,-26.05,1.1,-0.67,-1.08,-4.37,-0.06,0,0,0,3.23,3.23,3.23
Daniel Jones,NYG,QB,9,WSH,227.41,1.43,0.8,4.9,24.46,0.22,0,0,0,212,1,0,3,7,0,0,0,0,17.78,17.78,17.78,13.18,13.18,13.18,-15.41,-0.43,-0.8,-1.9,-17.46,-0.22,0,0,0,-4.6,-4.6,-4.6
Teddy Bridgewater,CAR,QB,9,KC,254.25,1.36,0.8,2.7,12.11,0.14,0,0,0,310,2,0,2,19,1,0,0,0,16.86,16.86,16.86,28.3,28.3,28.3,55.75,0.64,-0.8,-0.7,6.89,0.86,0,0,0,11.44,11.44,11.44
Kyle Allen,WSH,QB,9,NYG,238.1,1.55,0.8,1.86,7.81,0.11,0,0,0,62,0,0,0,0,0,0,0,0,16.36,16.36,16.36,2.48,2.48,2.48,-176.1,-1.55,-0.8,-1.86,-7.81,-0.11,0,0,0,-13.88,-13.88,-13.88
Philip Rivers,IND,QB,9,BAL,251.78,1.65,0.96,1.26,4.01,0.05,0,0,0,227,0,0,0,0,0,0,0,0,16.41,16.41,16.41,9.08,9.08,9.08,-24.78,-1.65,-0.96,-1.26,-4.01,-0.05,0,0,0,-7.33,-7.33,-7.33
Nick Foles,CHI,QB,9,TEN,261.4,1.4,0.84,1.26,5.33,0.06,0,0,0,335,2,0,2,2,0,0,0,0,16.11,16.11,16.11,21.6,21.6,21.6,73.6,0.6,-0.84,0.74,-3.33,-0.06,0,0,0,5.49,5.49,5.49
Jake Luton,JAC,QB,9,HOU,259.09,1.3,0.96,1.98,8.98,0.1,0,0,0,304,1,0,1,13,1,0,0,0,16.1,16.1,16.1,23.46,23.46,23.46,44.91,-0.3,-0.96,-0.98,4.02,0.9,0,0,0,7.36,7.36,7.36
Tua Tagovailoa,MIA,QB,9,ARI,224.43,1.47,0.73,2.32,11.1,0.12,0,0,0,248,2,0,5,37,0,0,0,0,15.96,15.96,15.96,21.62,21.62,21.62,23.57,0.53,-0.73,2.68,25.9,-0.12,0,0,0,5.66,5.66,5.66
Garrett Gilbert,DAL,QB,9,PIT,244.96,0.92,0.96,1.94,8.46,0.07,0,0,0,243,1,0,3,28,0,0,0,0,13.78,13.78,13.78,16.52,16.52,16.52,-1.96,0.08,-0.96,1.06,19.54,-0.07,0,0,0,2.74,2.74,2.74
Derrick Henry,TEN,RB,9,CHI,0,0,0,22.39,102.61,1.02,1.9,15.41,0.09,0,0,0,21,68,0,0,0,0,18.46,20.36,19.41,6.8,6.8,6.8,0,0,0,-1.39,-34.61,-1.02,-1.9,-15.41,-0.09,-11.66,-13.56,-12.61
Dalvin Cook,MIN,RB,9,DET,0,0,0,19.2,87.01,0.83,3.93,35.66,0.26,0,0,0,22,206,2,2,46,0,18.81,22.74,20.78,37.2,39.2,38.2,0,0,0,2.8,118.99,1.17,-1.93,10.34,-0.26,18.39,16.46,17.43
Chase Edmonds,ARI,RB,9,MIA,0,0,0,20.16,87.04,0.7,3.86,31.65,0.19,0,0,0,25,70,0,3,18,0,17.21,21.07,19.14,8.8,11.8,10.3,0,0,0,4.84,-17.04,-0.7,-0.86,-13.65,-0.19,-8.41,-9.27,-8.84
James Conner,PIT,RB,9,DAL,0,0,0,19.45,84.31,0.76,2.42,18.93,0.13,0,0,0,9,22,0,2,-2,0,15.66,18.08,16.87,2,4,3,0,0,0,-10.45,-62.31,-0.76,-0.42,-20.93,-0.13,-13.66,-14.08,-13.87
James Robinson,JAC,RB,9,HOU,0,0,0,16.77,77.38,0.7,3.35,28.83,0.13,0,0,0,25,99,1,0,0,0,15.6,18.95,17.27,15.9,15.9,15.9,0,0,0,8.23,21.62,0.3,-3.35,-28.83,-0.13,0.3,-3.05,-1.37
Josh Jacobs,LV,RB,9,LAC,0,0,0,18.98,83.03,0.76,2.41,17.35,0.14,0,0,0,14,65,1,1,3,0,15.44,17.85,16.64,12.8,13.8,13.3,0,0,0,-4.98,-18.03,0.24,-1.41,-14.35,-0.14,-2.64,-4.05,-3.34
Alvin Kamara,NO,RB,9,TB,0,0,0,13.87,62.65,0.53,5.27,39.38,0.26,0,0,0,9,40,1,5,9,0,14.94,20.21,17.58,10.9,15.9,13.4,0,0,0,-4.87,-22.65,0.47,-0.27,-30.38,-0.26,-4.04,-4.31,-4.17
Todd Gurley,ATL,RB,9,DEN,0,0,0,16.71,72.77,0.93,1.72,13.25,0.09,0,0,0,19,53,1,2,2,0,14.72,16.44,15.58,11.5,13.5,12.5,0,0,0,2.29,-19.77,0.07,0.28,-11.25,-0.09,-3.22,-2.94,-3.08
Antonio Gibson,WSH,RB,9,NYG,0,0,0,19.4,83.04,1.79,0,0,0,0,0,0,6,20,1,3,35,0,19.04,19.04,19.04,11.5,14.5,13,0,0,0,-13.4,-63.04,-0.79,3,35,0,-7.54,-4.54,-6.04
Christian McCaffrey,CAR,RB,9,KC,0,0,0,13.07,60.67,0.49,4.28,35.19,0.17,0,0,0,18,69,1,10,79,1,13.55,17.83,15.69,26.8,36.8,31.8,0,0,0,4.93,8.33,0.51,5.72,43.81,0.83,13.25,18.97,16.11
David Johnson,HOU,RB,9,JAC,0,0,0,16.98,69.02,0.62,2.24,20.76,0.13,0,0,0,2,16,0,0,0,0,13.48,15.72,14.6,1.6,1.6,1.6,0,0,0,-14.98,-53.02,-0.62,-2.24,-20.76,-0.13,-11.88,-14.12,-13
Jonathan Taylor,IND,RB,9,BAL,0,0,0,15.44,67.33,0.62,2.23,18.71,0.1,0,0,0,6,27,1,2,7,0,12.92,15.15,14.04,9.4,11.4,10.4,0,0,0,-9.44,-40.33,0.38,-0.23,-11.71,-0.1,-3.52,-3.75,-3.64
DeeJay Dallas,SEA,RB,9,BUF,0,0,0,15.65,67.51,0.49,2.69,18.49,0.18,0,0,0,7,31,1,2,8,0,12.62,15.31,13.96,9.9,11.9,10.9,0,0,0,-8.65,-36.51,0.51,-0.69,-10.49,-0.18,-2.72,-3.41,-3.06
David Montgomery,CHI,RB,9,TEN,0,0,0,16.45,66.33,0.43,3.05,22.19,0.1,0,0,0,14,30,0,3,12,0,12.03,15.08,13.56,4.2,7.2,5.7,0,0,0,-2.45,-36.33,-0.43,-0.05,-10.19,-0.1,-7.83,-7.88,-7.86
Clyde Edwards-Helaire,KC,RB,9,CAR,0,0,0,11.75,54.25,0.43,3.19,24.97,0.18,0,0,0,5,14,0,3,20,1,11.58,14.77,13.18,9.4,12.4,10.9,0,0,0,-6.75,-40.25,-0.43,-0.19,-4.97,0.82,-2.18,-2.37,-2.28
Ezekiel Elliott,DAL,RB,9,PIT,0,0,0,13.66,61.14,0.34,2.52,17.67,0.07,0,0,0,18,51,0,2,18,0,10.34,12.86,11.6,6.9,8.9,7.9,0,0,0,4.34,-10.14,-0.34,-0.52,0.33,-0.07,-3.44,-3.96,-3.7
Le'Veon Bell,KC,RB,9,CAR,0,0,0,9.48,43.96,0.51,2.43,18.61,0.15,0,0,0,4,8,0,1,-5,0,10.22,12.65,11.44,0.3,1.3,0.8,0,0,0,-5.48,-35.96,-0.51,-1.43,-23.61,-0.15,-9.92,-11.35,-10.64
Melvin Gordon,DEN,RB,9,ATL,0,0,0,12.87,53.22,0.42,2.36,17.1,0.11,0,0,0,6,18,0,1,9,0,10.21,12.57,11.39,2.7,3.7,3.2,0,0,0,-6.87,-35.22,-0.42,-1.36,-8.1,-0.11,-7.51,-8.87,-8.19
D'Andre Swift,DET,RB,9,MIN,0,0,0,9.53,40.09,0.32,3.43,26.61,0.17,0,0,0,13,64,0,3,33,0,9.61,13.04,11.32,9.7,12.7,11.2,0,0,0,3.47,23.91,-0.32,-0.43,6.39,-0.17,0.09,-0.34,-0.12
Leonard Fournette,TB,RB,9,NO,0,0,0,12.23,48.33,0.38,2.61,14.67,0.1,0,0,0,1,0,0,6,41,0,9.18,11.79,10.48,4.1,10.1,7.1,0,0,0,-11.23,-48.33,-0.38,3.39,26.33,-0.1,-5.08,-1.69,-3.38
Jordan Howard,MIA,RB,9,ARI,0,0,0,13.6,55.01,0.43,1.19,8.94,0.05,0,0,0,10,19,1,0,0,0,9.27,10.46,9.86,7.9,7.9,7.9,0,0,0,-3.6,-36.01,0.57,-1.19,-8.94,-0.05,-1.37,-2.56,-1.96
JK Dobbins,BAL,RB,9,IND,0,0,0,9.58,40.51,0.25,2.69,21.17,0.13,0,0,0,12,30,0,2,5,0,8.45,11.14,9.8,3.5,5.5,4.5,0,0,0,2.42,-10.51,-0.25,-0.69,-16.17,-0.13,-4.95,-5.64,-5.3
Devin Singletary,BUF,RB,9,SEA,0,0,0,9.48,40.95,0.3,2.71,19.05,0.11,0,0,0,2,1,0,3,33,0,8.46,11.17,9.82,3.4,6.4,4.9,0,0,0,-7.48,-39.95,-0.3,0.29,13.95,-0.11,-5.06,-4.77,-4.92
Ronald Jones,TB,RB,9,NO,0,0,0,11.43,48.17,0.44,1.12,6.89,0.05,0,0,0,3,9,0,3,9,0,8.45,9.57,9.01,1.8,4.8,3.3,0,0,0,-8.43,-39.17,-0.44,1.88,2.11,-0.05,-6.65,-4.77,-5.71
Joshua Kelley,LAC,RB,9,LV,0,0,0,8.89,36.29,0.25,2.67,21.77,0.13,0,0,0,9,28,0,5,31,0,8.09,10.76,9.43,5.9,10.9,8.4,0,0,0,0.11,-8.29,-0.25,2.33,9.23,-0.13,-2.19,0.14,-1.03
Wayne Gallman,NYG,RB,9,WSH,0,0,0,11.36,47.62,0.26,1.93,12.45,0.08,0,0,0,14,68,1,1,9,0,8.05,9.98,9.02,13.7,14.7,14.2,0,0,0,2.64,20.38,0.74,-0.93,-3.45,-0.08,5.65,4.72,5.18
Phillip Lindsay,DEN,RB,9,ATL,0,0,0,9.56,44.04,0.27,1.83,11.75,0.07,0,0,0,8,23,0,0,0,0,7.62,9.45,8.54,2.3,2.3,2.3,0,0,0,-1.56,-21.04,-0.27,-1.83,-11.75,-0.07,-5.32,-7.15,-6.24
Zack Moss,BUF,RB,9,SEA,0,0,0,8.29,34.56,0.3,1.75,12.44,0.07,0,0,0,9,18,1,2,30,0,6.92,8.67,7.8,10.8,12.8,11.8,0,0,0,0.71,-16.56,0.7,0.25,17.56,-0.07,3.88,4.13,4.01
Adrian Peterson,DET,RB,9,MIN,0,0,0,10.7,42.1,0.29,0.94,7.72,0.04,0,0,0,8,29,0,3,14,0,6.96,7.9,7.43,4.3,7.3,5.8,0,0,0,-2.7,-13.1,-0.29,2.06,6.28,-0.04,-2.66,-0.6,-1.63
Mike Davis,CAR,RB,9,KC,0,0,0,7.19,29.63,0.19,3.2,20.82,0.11,0,0,0,1,3,0,5,34,0,6.84,10.04,8.44,3.7,8.7,6.2,0,0,0,-6.19,-26.63,-0.19,1.8,13.18,-0.11,-3.14,-1.34,-2.24
Gus Edwards,BAL,RB,9,IND,0,0,0,10.09,45.34,0.23,0.75,5.91,0.04,0,0,0,11,23,1,2,11,0,6.75,7.5,7.12,9.4,11.4,10.4,0,0,0,0.91,-22.34,0.77,1.25,5.09,-0.04,2.65,3.9,3.28
Latavius Murray,NO,RB,9,TB,0,0,0,8.5,32.98,0.25,1.11,7.79,0.05,0,0,0,10,39,0,2,3,0,5.88,6.99,6.44,4.2,6.2,5.2,0,0,0,1.5,6.02,-0.25,0.89,-4.79,-0.05,-1.68,-0.79,-1.23
Patrick Laird,MIA,RB,9,ARI,0,0,0,6.57,27.11,0.17,1.97,14.56,0.1,0,0,0,1,-1,0,1,17,0,5.79,7.76,6.78,1.6,2.6,2.1,0,0,0,-5.57,-28.11,-0.17,-0.97,2.44,-0.1,-4.19,-5.16,-4.68
Brian Hill,ATL,RB,9,DEN,0,0,0,6.26,26.6,0.18,1.86,13.53,0.08,0,0,0,8,24,0,0,0,0,5.57,7.43,6.5,2.4,2.4,2.4,0,0,0,1.74,-2.6,-0.18,-1.86,-13.53,-0.08,-3.17,-5.03,-4.1
Alexander Mattison,MIN,RB,9,DET,0,0,0,7.27,30.83,0.22,0.97,7.88,0.06,0,0,0,12,69,0,0,0,0,5.55,6.52,6.04,6.9,6.9,6.9,0,0,0,4.73,38.17,-0.22,-0.97,-7.88,-0.06,1.35,0.38,0.87
Nyheim Hines,IND,RB,9,BAL,0,0,0,3.11,12.72,0.11,3.34,26.11,0.14,0,0,0,2,18,0,2,20,0,5.38,8.72,7.05,3.8,5.8,4.8,0,0,0,-1.11,5.28,-0.11,-1.34,-6.11,-0.14,-1.58,-2.92,-2.25
Jordan Wilkins,IND,RB,9,BAL,0,0,0,6.84,30.22,0.2,0.45,3.35,0.02,0,0,0,11,39,0,2,-1,0,4.68,5.13,4.9,3.8,5.8,4.8,0,0,0,4.16,8.78,-0.2,1.55,-4.35,-0.02,-0.88,0.67,-0.1
Chris Thompson,JAC,RB,9,HOU,0,0,0,2.13,9.5,0.06,3.01,23.33,0.11,0,0,0,1,3,0,4,35,0,4.3,7.31,5.8,3.8,7.8,5.8,0,0,0,-1.13,-6.5,-0.06,0.99,11.67,-0.11,-0.5,0.49,0
Duke Johnson,HOU,RB,9,JAC,0,0,0,2.34,10.31,0.07,2.43,21.08,0.12,0,0,0,16,41,1,4,32,0,4.28,6.71,5.5,13.3,17.3,15.3,0,0,0,13.66,30.69,0.93,1.57,10.92,-0.12,9.02,10.59,9.8
Travis Homer,SEA,RB,9,BUF,0,0,0,3.3,14.18,0.08,2.05,13.31,0.16,0,0,0,6,16,0,3,64,0,4.19,6.24,5.22,8,11,9.5,0,0,0,2.7,1.82,-0.08,0.95,50.69,-0.16,3.81,4.76,4.28
JD McKissic,WSH,RB,9,NYG,0,0,0,2.79,11.7,0.21,0,0,0,0,0,0,3,17,0,9,65,0,2.43,2.43,2.43,8.2,17.2,12.7,0,0,0,0.21,5.3,-0.21,9,65,0,5.77,14.77,10.27
Benny Snell,PIT,RB,9,DAL,0,0,0,5.96,24.7,0.2,0.37,2.65,0.02,0,0,0,3,1,0,0,0,0,4.06,4.43,4.24,0.1,0.1,0.1,0,0,0,-2.96,-23.7,-0.2,-0.37,-2.65,-0.02,-3.96,-4.33,-4.14
Tony Pollard,DAL,RB,9,PIT,0,0,0,4.55,19.23,0.1,1.26,8.47,0.03,0,0,0,9,57,0,1,1,0,3.55,4.81,4.18,5.8,6.8,6.3,0,0,0,4.45,37.77,-0.1,-0.26,-7.47,-0.03,2.25,1.99,2.12
Jeremy McNichols,TEN,RB,9,CHI,0,0,0,4.15,17.45,0.14,0.92,6.3,0.04,0,0,0,2,10,0,0,0,0,3.46,4.38,3.92,1,1,1,0,0,0,-2.15,-7.45,-0.14,-0.92,-6.3,-0.04,-2.46,-3.38,-2.92
Jalen Richard,LV,RB,9,LAC,0,0,0,2.61,11.66,0.09,1.4,11.08,0.07,0,0,0,1,3,0,1,19,0,3.23,4.63,3.93,2.2,3.2,2.7,0,0,0,-1.61,-8.66,-0.09,-0.4,7.92,-0.07,-1.03,-1.43,-1.23
Alfred Morris,NYG,RB,9,WSH,0,0,0,4.94,19.93,0.09,0.38,2.7,0.02,0,0,0,9,67,0,1,4,0,2.92,3.3,3.11,7.1,8.1,7.6,0,0,0,4.06,47.07,-0.09,0.62,1.3,-0.02,4.18,4.8,4.49
Dion Lewis,NYG,RB,9,WSH,0,0,0,1.67,7.13,0.04,1.9,12.55,0.08,0,0,0,3,5,0,2,16,0,2.69,4.59,3.64,2.1,4.1,3.1,0,0,0,1.33,-2.13,-0.04,0.1,3.45,-0.08,-0.59,-0.49,-0.54
Devontae Booker,LV,RB,9,LAC,0,0,0,2.48,10.41,0.08,0.64,4.92,0.04,0,0,0,8,68,1,0,0,0,2.25,2.89,2.57,12.8,12.8,12.8,0,0,0,5.52,57.59,0.92,-0.64,-4.92,-0.04,10.55,9.91,10.23
Kerryon Johnson,DET,RB,9,MIN,0,0,0,1.67,7.15,0.05,0.79,6.26,0.05,0,0,0,4,29,0,3,36,0,1.94,2.73,2.34,6.5,9.5,8,0,0,0,2.33,21.85,-0.05,2.21,29.74,-0.05,4.56,6.77,5.66
Salvon Ahmed,MIA,RB,9,ARI,0,0,0,1.52,6.42,0.04,0.85,6.08,0.05,0,0,0,7,38,0,0,0,0,1.79,2.64,2.22,3.8,3.8,3.8,0,0,0,5.48,31.58,-0.04,-0.85,-6.08,-0.05,2.01,1.16,1.58
Anthony McFarland,PIT,RB,9,DAL,0,0,0,1.86,7.86,0.05,0.5,3.58,0.03,0,0,0,3,7,0,2,15,0,1.62,2.12,1.87,2.2,4.2,3.2,0,0,0,1.14,-0.86,-0.05,1.5,11.42,-0.03,0.58,2.08,1.33
Alex Collins,SEA,RB,9,BUF,0,0,0,1.37,5.85,0.04,0.33,2.34,0.03,0,0,0,2,5,0,0,0,0,1.24,1.57,1.4,0.5,0.5,0.5,0,0,0,0.63,-0.85,-0.04,-0.33,-2.34,-0.03,-0.74,-1.07,-0.9
Ryan Nall,CHI,RB,9,TEN,0,0,0,0.79,3.32,0.02,0.37,2.52,0.02,0,0,0,0,0,0,4,35,1,0.82,1.19,1,9.5,13.5,11.5,0,0,0,-0.79,-3.32,-0.02,3.63,32.48,0.98,8.68,12.31,10.5
Alec Ingold,LV,RB,9,LAC,0,0,0,0.14,0.6,0,0.51,3.53,0.04,0,0,0,0,0,0,1,6,0,0.65,1.16,0.9,0.6,1.6,1.1,0,0,0,-0.14,-0.6,0,0.49,2.47,-0.04,-0.05,0.44,0.2
Michael Burton,NO,RB,9,TB,0,0,0,0.4,1.59,0.01,0.26,1.77,0.02,0,0,0,1,1,0,1,12,0,0.52,0.78,0.65,1.3,2.3,1.8,0,0,0,0.6,-0.59,-0.01,0.74,10.23,-0.02,0.78,1.52,1.15
Keith Smith,ATL,RB,9,DEN,0,0,0,0.16,0.68,0,0.35,2.34,0.02,0,0,0,1,1,0,0,0,0,0.42,0.77,0.6,0.1,0.1,0.1,0,0,0,0.84,0.32,0,-0.35,-2.34,-0.02,-0.32,-0.67,-0.5
Elijhaa Penny,NYG,RB,9,WSH,0,0,0,0.43,1.82,0.01,0.15,1.01,0.01,0,0,0,1,2,0,0,0,0,0.4,0.55,0.48,0.2,0.2,0.2,0,0,0,0.57,0.18,-0.01,-0.15,-1.01,-0.01,-0.2,-0.35,-0.28
Ameer Abdullah,MIN,RB,9,DET,0,0,0,0.14,0.58,0,0.04,0.34,0,0,0,0,0,0,0,1,22,1,0.09,0.13,0.11,8.2,9.2,8.7,0,0,0,-0.14,-0.58,0,0.96,21.66,1,8.11,9.07,8.59
Kalen Ballage,LAC,RB,9,LV,0,0,0,0.1,0.42,0,0.05,0.41,0,0,0,0,15,69,1,2,15,0,0.08,0.13,0.11,14.4,16.4,15.4,0,0,0,14.9,68.58,1,1.95,14.59,0,14.32,16.27,15.3
Gabe Nabers,LAC,RB,9,LV,0,0,0,0.05,0.22,0,0.04,0.32,0,0,0,0,0,0,0,1,4,1,0.05,0.09,0.07,6.4,7.4,6.9,0,0,0,-0.05,-0.22,0,0.96,3.68,1,6.35,7.31,6.83
Dwayne Washington,NO,RB,9,TB,0,0,0,0.05,0.21,0,0.05,0.34,0,0,0,0,5,9,0,0,0,0,0.06,0.11,0.08,0.9,0.9,0.9,0,0,0,4.95,8.79,0,-0.05,-0.34,0,0.84,0.79,0.82
DeAndre Hopkins,ARI,WR,9,MIA,0,0,0,0,0,0,7.46,94.22,0.63,0,0,0,0,0,0,3,30,0,13.2,20.66,16.93,3,6,4.5,0,0,0,0,0,0,-4.46,-64.22,-0.63,-10.2,-14.66,-12.43
Keenan Allen,LAC,WR,9,LV,0,0,0,0.01,0.07,0,7.46,88.7,0.58,0,0,0,0,0,0,9,103,1,12.36,19.82,16.09,16.3,25.3,20.8,0,0,0,-0.01,-0.07,0,1.54,14.3,0.42,3.94,5.48,4.71
Stefon Diggs,BUF,WR,9,SEA,0,0,0,0,0.01,0,6.55,92.48,0.5,0,0,0,0,0,0,9,118,0,12.25,18.8,15.52,11.8,20.8,16.3,0,0,0,0,-0.01,0,2.45,25.52,-0.5,-0.45,2,0.78
Julio Jones,ATL,WR,9,DEN,0,0,0,0,0,0,6.49,88.78,0.49,0,0,0,0,0,0,5,54,1,11.82,18.31,15.07,11.4,16.4,13.9,0,0,0,0,0,0,-1.49,-34.78,0.51,-0.42,-1.91,-1.17
Michael Thomas,NO,WR,9,TB,0,0,0,0,0,0,7.62,82.55,0.54,0,0,0,0,0,0,5,51,0,11.5,19.12,15.31,5.1,10.1,7.6,0,0,0,0,0,0,-2.62,-31.55,-0.54,-6.4,-9.02,-7.71
Terry McLaurin,WSH,WR,9,NYG,0,0,0,0.16,0.85,0.03,0,0,0,0,0,0,0,0,0,7,115,1,0.26,0.26,0.26,17.5,24.5,21,0,0,0,-0.16,-0.85,-0.03,7,115,1,17.24,24.24,20.74
DK Metcalf,SEA,WR,9,BUF,0,0,0,0,0,0,5.72,75.52,0.61,0,0,0,0,0,0,7,108,1,11.21,16.93,14.07,16.8,23.8,20.3,0,0,0,0,0,0,1.28,32.48,0.39,5.59,6.87,6.23
Tyler Lockett,SEA,WR,9,BUF,0,0,0,0,0,0,6.49,75.15,0.56,0,0,0,0,0,0,4,40,0,10.88,17.37,14.12,4,8,6,0,0,0,0,0,0,-2.49,-35.15,-0.56,-6.88,-9.37,-8.12
Tyreek Hill,KC,WR,9,CAR,0,0,0,0.32,1.81,0.02,4.98,69.56,0.55,0,0,0,1,8,0,9,113,2,10.56,15.54,13.05,24.1,33.1,28.6,0,0,0,0.68,6.19,-0.02,4.02,43.44,1.45,13.54,17.56,15.55
Allen Robinson,CHI,WR,9,TEN,0,0,0,0.05,0.25,0,6.97,80.18,0.38,0,0,0,0,0,0,7,81,0,10.32,17.29,13.8,8.1,15.1,11.6,0,0,0,-0.05,-0.25,0,0.03,0.82,-0.38,-2.22,-2.19,-2.2
Adam Thielen,MIN,WR,9,DET,0,0,0,0.16,0.83,0.01,5.22,68.88,0.51,0,0,0,0,0,0,2,38,0,10.09,15.31,12.7,3.8,5.8,4.8,0,0,0,-0.16,-0.83,-0.01,-3.22,-30.88,-0.51,-6.29,-9.51,-7.9
Marvin Jones,DET,WR,9,MIN,0,0,0,0,0,0,4.64,64.57,0.54,0,0,0,0,0,0,3,43,1,9.7,14.34,12.02,10.3,13.3,11.8,0,0,0,0,0,0,-1.64,-21.57,0.46,0.6,-1.04,-0.22
Justin Jefferson,MIN,WR,9,DET,0,0,0,0,0,0,4.64,66.89,0.46,0,0,0,0,0,0,3,64,0,9.45,14.09,11.77,6.4,9.4,7.9,0,0,0,0,0,0,-1.64,-2.89,-0.46,-3.05,-4.69,-3.87
Will Fuller,HOU,WR,9,JAC,0,0,0,0.1,0.59,0.01,4.86,67.55,0.44,0,0,0,0,0,0,5,100,1,9.51,14.37,11.94,16,21,18.5,0,0,0,-0.1,-0.59,-0.01,0.14,32.45,0.56,6.49,6.63,6.56
AJ Brown,TEN,WR,9,CHI,0,0,0,0,0,0,4.61,68.8,0.34,0,0,0,0,0,0,4,101,1,8.92,13.53,11.22,16.1,20.1,18.1,0,0,0,0,0,0,-0.61,32.2,0.66,7.18,6.57,6.88
Mike Williams,LAC,WR,9,LV,0,0,0,0,0,0,3.82,65.26,0.38,0,0,0,0,0,0,5,81,0,8.81,12.63,10.72,8.1,13.1,10.6,0,0,0,0,0,0,1.18,15.74,-0.38,-0.71,0.47,-0.12
Chris Godwin,TB,WR,9,NO,0,0,0,0,0,0,5.2,62.03,0.42,0,0,0,0,0,0,3,41,0,8.72,13.92,11.32,4.1,7.1,5.6,0,0,0,0,0,0,-2.2,-21.03,-0.42,-4.62,-6.82,-5.72
DJ Moore,CAR,WR,9,KC,0,0,0,0,0.01,0,4.93,68.69,0.31,0,0,0,0,0,0,2,18,0,8.73,13.66,11.2,1.8,3.8,2.8,0,0,0,0,-0.01,0,-2.93,-50.69,-0.31,-6.93,-9.86,-8.4
Robby Anderson,CAR,WR,9,KC,0,0,0,0,0,0,4.91,65.49,0.34,0,0,0,0,0,0,9,66,0,8.59,13.5,11.04,6.6,15.6,11.1,0,0,0,0,0,0,4.09,0.51,-0.34,-1.99,2.1,0.05
Marquise Brown,BAL,WR,9,IND,0,0,0,0.15,0.84,0.01,3.97,57.08,0.41,0,0,0,0,0,0,3,38,0,8.31,12.28,10.3,3.8,6.8,5.3,0,0,0,-0.15,-0.84,-0.01,-0.97,-19.08,-0.41,-4.51,-5.48,-5
Darius Slayton,NYG,WR,9,WSH,0,0,0,0.24,1.23,0.01,4.19,59.71,0.32,0,0,0,1,2,0,1,6,0,8.07,12.26,10.17,0.8,1.8,1.3,0,0,0,0.76,0.77,-0.01,-3.19,-53.71,-0.32,-7.27,-10.46,-8.86
Mike Evans,TB,WR,9,NO,0,0,0,0,0,0,4.34,56.28,0.38,0,0,0,0,0,0,4,64,0,7.91,12.25,10.08,6.4,10.4,8.4,0,0,0,0,0,0,-0.34,7.72,-0.38,-1.51,-1.85,-1.68
Brandin Cooks,HOU,WR,9,JAC,0,0,0,0.24,1.38,0.02,4.29,53.78,0.34,0,0,0,0,0,0,3,83,1,7.68,11.97,9.82,14.3,17.3,15.8,0,0,0,-0.24,-1.38,-0.02,-1.29,29.22,0.66,6.62,5.33,5.98
Sterling Shepard,NYG,WR,9,WSH,0,0,0,0.25,1.3,0.01,4.75,53.42,0.31,0,0,0,1,18,0,6,39,0,7.39,12.14,9.76,5.7,11.7,8.7,0,0,0,0.75,16.7,-0.01,1.25,-14.42,-0.31,-1.69,-0.44,-1.07
Jerry Jeudy,DEN,WR,9,ATL,0,0,0,0,0,0,4.3,57.01,0.29,0,0,0,0,0,0,7,125,1,7.44,11.74,9.59,18.5,25.5,22,0,0,0,0,0,0,2.7,67.99,0.71,11.06,13.76,12.41
Antonio Brown,TB,WR,9,NO,0,0,0,0.11,0.65,0.01,4.24,47.56,0.41,0,0,0,0,0,0,3,31,0,7.34,11.58,9.46,3.1,6.1,4.6,0,0,0,-0.11,-0.65,-0.01,-1.24,-16.56,-0.41,-4.24,-5.48,-4.86
Christian Kirk,ARI,WR,9,MIA,0,0,0,0.05,0.26,0,3.93,50.75,0.35,0,0,0,0,0,0,5,123,1,7.2,11.13,9.17,18.3,23.3,20.8,0,0,0,-0.05,-0.26,0,1.07,72.25,0.65,11.1,12.17,11.64
Chase Claypool,PIT,WR,9,DAL,0,0,0,0.51,3.01,0.04,3.42,47.37,0.34,0,0,0,1,4,0,8,69,0,7.32,10.74,9.03,7.3,15.3,11.3,0,0,0,0.49,0.99,-0.04,4.58,21.63,-0.34,-0.02,4.56,2.27
Danny Amendola,DET,WR,9,MIN,0,0,0,0,0,0,4.12,56.2,0.27,0,0,0,1,2,0,7,77,0,7.24,11.36,9.3,7.9,14.9,11.4,0,0,0,1,2,0,2.88,20.8,-0.27,0.66,3.54,2.1
Amari Cooper,DAL,WR,9,PIT,0,0,0,0.36,1.94,0.01,4.83,55.81,0.21,0,0,0,1,8,0,5,67,0,7.1,11.93,9.52,7.5,12.5,10,0,0,0,0.64,6.06,-0.01,0.17,11.19,-0.21,0.4,0.57,0.48
Cole Beasley,BUF,WR,9,SEA,0,0,0,0,0,0,4.42,51.53,0.32,0,0,0,0,0,0,3,39,0,7.07,11.49,9.28,3.9,6.9,5.4,0,0,0,0,0,0,-1.42,-12.53,-0.32,-3.17,-4.59,-3.88
DeVante Parker,MIA,WR,9,ARI,0,0,0,0,0,0,3.74,51.6,0.27,0,0,0,0,0,0,6,64,0,6.78,10.52,8.65,6.4,12.4,9.4,0,0,0,0,0,0,2.26,12.4,-0.27,-0.38,1.88,0.75
Hunter Renfrow,LV,WR,9,LAC,0,0,0,0,0,0,3.92,48.41,0.31,0,0,0,0,0,0,2,60,0,6.7,10.62,8.66,6,8,7,0,0,0,0,0,0,-1.92,11.59,-0.31,-0.7,-2.62,-1.66
Randall Cobb,HOU,WR,9,JAC,0,0,0,0.13,0.76,0.01,3.69,48.53,0.28,0,0,0,0,0,0,3,21,0,6.67,10.36,8.52,2.1,5.1,3.6,0,0,0,-0.13,-0.76,-0.01,-0.69,-27.53,-0.28,-4.57,-5.26,-4.92
Diontae Johnson,PIT,WR,9,DAL,0,0,0,0.4,2.39,0.03,3.56,42.25,0.35,0,0,0,1,4,0,6,77,0,6.74,10.3,8.52,8.1,14.1,11.1,0,0,0,0.6,1.61,-0.03,2.44,34.75,-0.35,1.36,3.8,2.58
Zach Pascal,IND,WR,9,BAL,0,0,0,0,0,0,3.7,48.49,0.28,0,0,0,0,0,0,5,55,0,6.53,10.23,8.38,5.5,10.5,8,0,0,0,0,0,0,1.3,6.51,-0.28,-1.03,0.27,-0.38
CeeDee Lamb,DAL,WR,9,PIT,0,0,0,0.47,2.56,0.02,4.15,51.01,0.18,0,0,0,0,0,0,4,71,1,6.56,10.71,8.64,13.1,17.1,15.1,0,0,0,-0.47,-2.56,-0.02,-0.15,19.99,0.82,6.54,6.39,6.46
Michael Gallup,DAL,WR,9,PIT,0,0,0,0.18,0.98,0.01,3.56,53.08,0.17,0,0,0,0,0,0,3,36,0,6.49,10.05,8.27,3.6,6.6,5.1,0,0,0,-0.18,-0.98,-0.01,-0.56,-17.08,-0.17,-2.89,-3.45,-3.17
JuJu Smith-Schuster,PIT,WR,9,DAL,0,0,0,0,0,0,3.72,43.68,0.35,0,0,0,0,0,0,6,93,1,6.47,10.19,8.33,15.3,21.3,18.3,0,0,0,0,0,0,2.28,49.32,0.65,8.83,11.11,9.97
Marvin Hall,DET,WR,9,MIN,0,0,0,0.08,0.43,0,2.77,47.1,0.28,0,0,0,0,0,0,3,28,0,6.43,9.2,7.82,2.8,5.8,4.3,0,0,0,-0.08,-0.43,0,0.23,-19.1,-0.28,-3.63,-3.4,-3.51
John Brown,BUF,WR,9,SEA,0,0,0,0.01,0.03,0,3.35,44.85,0.32,0,0,0,0,0,0,8,99,0,6.41,9.76,8.09,9.9,17.9,13.9,0,0,0,-0.01,-0.03,0,4.65,54.15,-0.32,3.49,8.14,5.82
Russell Gage,ATL,WR,9,DEN,0,0,0,0.04,0.23,0,4.3,44.38,0.31,0,0,0,0,0,0,2,11,0,6.32,10.62,8.47,1.1,3.1,2.1,0,0,0,-0.04,-0.23,0,-2.3,-33.38,-0.31,-5.22,-7.52,-6.37
Anthony Miller,CHI,WR,9,TEN,0,0,0,0.34,1.8,0.02,4.17,47.02,0.23,0,0,0,0,0,0,5,59,0,6.38,10.55,8.46,5.9,10.9,8.4,0,0,0,-0.34,-1.8,-0.02,0.83,11.98,-0.23,-0.48,0.35,-0.06
Tim Patrick,DEN,WR,9,ATL,0,0,0,0,0,0,3.59,48.52,0.24,0,0,0,0,0,0,4,29,1,6.29,9.88,8.09,8.9,12.9,10.9,0,0,0,0,0,0,0.41,-19.52,0.76,2.61,3.02,2.81
Darnell Mooney,CHI,WR,9,TEN,0,0,0,0.27,1.43,0.01,4.14,47.58,0.21,0,0,0,0,0,0,5,43,0,6.22,10.36,8.29,4.3,9.3,6.8,0,0,0,-0.27,-1.43,-0.01,0.86,-4.58,-0.21,-1.92,-1.06,-1.49
Nelson Agholor,LV,WR,9,LAC,0,0,0,0,0,0,3.26,42.13,0.28,0,0,0,0,0,0,2,55,1,5.89,9.15,7.52,11.5,13.5,12.5,0,0,0,0,0,0,-1.26,12.87,0.72,5.61,4.35,4.98
David Moore,SEA,WR,9,BUF,0,0,0,0.13,0.8,0.01,2.83,38.35,0.32,0,0,0,0,0,0,4,71,1,5.9,8.73,7.32,13.1,17.1,15.1,0,0,0,-0.13,-0.8,-0.01,1.17,32.65,0.68,7.2,8.37,7.78
Henry Ruggs,LV,WR,9,LAC,0,0,0,0.72,3.64,0.05,2.83,37.76,0.23,0,0,0,1,10,0,0,0,0,5.82,8.65,7.24,1,1,1,0,0,0,0.28,6.36,-0.05,-2.83,-37.76,-0.23,-4.82,-7.65,-6.24
Michael Pittman,IND,WR,9,BAL,0,0,0,0,0,0,3.28,42.01,0.25,0,0,0,0,0,0,4,56,0,5.7,8.98,7.34,5.6,9.6,7.6,0,0,0,0,0,0,0.72,13.99,-0.25,-0.1,0.62,0.26
Emmanuel Sanders,NO,WR,9,TB,0,0,0,0,0,0,3.34,40.74,0.25,0,0,0,0,0,0,4,38,1,5.57,8.91,7.24,9.8,13.8,11.8,0,0,0,0,0,0,0.66,-2.74,0.75,4.23,4.89,4.56
Larry Fitzgerald,ARI,WR,9,MIA,0,0,0,0,0,0,3.6,38.33,0.28,0,0,0,0,0,0,4,54,0,5.51,9.11,7.31,5.4,9.4,7.4,0,0,0,0,0,0,0.4,15.67,-0.28,-0.11,0.29,0.09
Preston Williams,MIA,WR,9,ARI,0,0,0,0,0,0,3.27,41.95,0.22,0,0,0,0,0,0,4,60,1,5.52,8.79,7.15,12,16,14,0,0,0,0,0,0,0.73,18.05,0.78,6.48,7.21,6.85
Mecole Hardman,KC,WR,9,CAR,0,0,0,0.33,1.82,0.02,2.57,37.21,0.25,0,0,0,0,0,0,3,48,0,5.52,8.09,6.8,4.8,7.8,6.3,0,0,0,-0.33,-1.82,-0.02,0.43,10.79,-0.25,-0.72,-0.29,-0.5
Christian Blake,ATL,WR,9,DEN,0,0,0,0,0,0,3.63,40.53,0.24,0,0,0,0,0,0,3,31,0,5.49,9.12,7.3,3.1,6.1,4.6,0,0,0,0,0,0,-0.63,-9.53,-0.24,-2.39,-3.02,-2.7
Steven Sims,WSH,WR,9,NYG,0,0,0,0.06,0.31,0.01,0,0,0,0,0,0,0,0,0,1,4,0,0.09,0.09,0.09,0.4,1.4,0.9,0,0,0,-0.06,-0.31,-0.01,1,4,0,0.31,1.31,0.81
Demarcus Robinson,KC,WR,9,CAR,0,0,0,0,0,0,2.82,33.52,0.26,0,0,0,0,0,0,3,34,1,4.91,7.73,6.32,9.4,12.4,10.9,0,0,0,0,0,0,0.18,0.48,0.74,4.49,4.67,4.58
Curtis Samuel,CAR,WR,9,KC,0,0,0,0.5,3.03,0.03,3.02,32.47,0.2,0,0,0,3,13,0,9,105,1,4.93,7.95,6.44,17.8,26.8,22.3,0,0,0,2.5,9.97,-0.03,5.98,72.53,0.8,12.87,18.85,15.86
James Washington,PIT,WR,9,DAL,0,0,0,0,0,0,2.38,34.45,0.24,0,0,0,0,0,0,1,17,1,4.88,7.26,6.07,7.7,8.7,8.2,0,0,0,0,0,0,-1.38,-17.45,0.76,2.82,1.44,2.13
Jakeem Grant,MIA,WR,9,ARI,0,0,0,0.67,3.67,0.04,2.7,31.86,0.18,0,0,0,0,0,0,4,35,0,4.87,7.57,6.22,3.5,7.5,5.5,0,0,0,-0.67,-3.67,-0.04,1.3,3.14,-0.18,-1.37,-0.07,-0.72
Cordarrelle Patterson,CHI,WR,9,TEN,0,0,0,3.25,17.94,0.17,1.37,12.57,0.07,0,0,0,3,13,0,4,27,0,4.49,5.86,5.18,4,8,6,0,0,0,-0.25,-4.94,-0.17,2.63,14.43,-0.07,-0.49,2.14,0.82
KJ Hamler,DEN,WR,9,ATL,0,0,0,0.26,1.41,0.01,2.26,28.8,0.16,0,0,0,1,15,0,6,75,0,4.04,6.3,5.17,9,15,12,0,0,0,0.74,13.59,-0.01,3.74,46.2,-0.16,4.96,8.7,6.83
Willie Snead,BAL,WR,9,IND,0,0,0,0,0,0,2.15,28.13,0.18,0,0,0,0,0,0,4,37,0,3.89,6.04,4.96,3.7,7.7,5.7,0,0,0,0,0,0,1.85,8.87,-0.18,-0.19,1.66,0.74
Andy Isabella,ARI,WR,9,MIA,0,0,0,0.04,0.23,0,1.75,25.87,0.16,0,0,0,0,0,0,2,10,0,3.57,5.32,4.44,1,3,2,0,0,0,-0.04,-0.23,0,0.25,-15.87,-0.16,-2.57,-2.32,-2.45
Chris Conley,JAC,WR,9,HOU,0,0,0,0,0,0,2.1,28.3,0.13,0,0,0,0,0,0,7,52,0,3.61,5.71,4.66,5.2,12.2,8.7,0,0,0,0,0,0,4.9,23.7,-0.13,1.59,6.49,4.04
Miles Boykin,BAL,WR,9,IND,0,0,0,0,0,0,1.69,24.21,0.17,0,0,0,0,0,0,1,11,0,3.44,5.13,4.28,1.1,2.1,1.6,0,0,0,0,0,0,-0.69,-13.21,-0.17,-2.34,-3.03,-2.68
Jalen Guyton,LAC,WR,9,LV,0,0,0,0.18,0.96,0.01,1.53,22.77,0.15,0,0,0,0,0,0,1,9,0,3.33,4.86,4.1,0.9,1.9,1.4,0,0,0,-0.18,-0.96,-0.01,-0.53,-13.77,-0.15,-2.43,-2.96,-2.7
Tre'Quan Smith,NO,WR,9,TB,0,0,0,0,0,0,1.87,23.47,0.16,0,0,0,0,0,0,1,14,1,3.31,5.18,4.24,7.4,8.4,7.9,0,0,0,0,0,0,-0.87,-9.47,0.84,4.09,3.22,3.66
CJ Board,NYG,WR,9,WSH,0,0,0,0.25,1.3,0.01,1.71,20.02,0.1,0,0,0,0,0,0,1,10,0,2.79,4.5,3.64,1,2,1.5,0,0,0,-0.25,-1.3,-0.01,-0.71,-10.02,-0.1,-1.79,-2.5,-2.14
Quintez Cephus,DET,WR,9,MIN,0,0,0,0,0,0,1.52,20.39,0.11,0,0,0,0,0,0,2,31,0,2.7,4.22,3.46,3.1,5.1,4.1,0,0,0,0,0,0,0.48,10.61,-0.11,0.4,0.88,0.64
Gabriel Davis,BUF,WR,9,SEA,0,0,0,0,0,0,1.52,18.77,0.12,0,0,0,0,0,0,4,70,1,2.6,4.12,3.36,13,17,15,0,0,0,0,0,0,2.48,51.23,0.88,10.4,12.88,11.64
Cedrick Wilson,DAL,WR,9,PIT,0,0,0,0.22,1.18,0.01,1.55,18.8,0.07,0,0,0,0,0,0,1,6,0,2.48,4.03,3.26,0.6,1.6,1.1,0,0,0,-0.22,-1.18,-0.01,-0.55,-12.8,-0.07,-1.88,-2.43,-2.15
DaeSean Hamilton,DEN,WR,9,ATL,0,0,0,0,0,0,1.46,16.65,0.1,0,0,0,0,0,0,2,12,0,2.26,3.72,2.99,1.2,3.2,2.2,0,0,0,0,0,0,0.54,-4.65,-0.1,-1.06,-0.52,-0.79
Scotty Miller,TB,WR,9,NO,0,0,0,0.05,0.32,0,1.3,15.35,0.1,0,0,0,0,0,0,1,10,0,2.17,3.47,2.82,1,2,1.5,0,0,0,-0.05,-0.32,0,-0.3,-5.35,-0.1,-1.17,-1.47,-1.32
Olamide Zaccheaus,ATL,WR,9,DEN,0,0,0,0,0,0,1.2,15.48,0.1,0,0,0,0,0,0,4,103,1,2.15,3.35,2.75,16.3,20.3,18.3,0,0,0,0,0,0,2.8,87.52,0.9,14.15,16.95,15.55
Isaiah Wright,WSH,WR,9,NYG,0,0,0,0.06,0.31,0.01,0,0,0,0,0,0,0,0,0,3,30,0,0.09,0.09,0.09,3,6,4.5,0,0,0,-0.06,-0.31,-0.01,3,30,0,2.91,5.91,4.41
Marcus Johnson,IND,WR,9,BAL,0,0,0,0,0,0,0.96,13.89,0.07,0,0,0,0,0,0,2,14,0,1.81,2.77,2.29,1.4,3.4,2.4,0,0,0,0,0,0,1.04,0.11,-0.07,-0.41,0.63,0.11
Brandon Powell,ATL,WR,9,DEN,0,0,0,0.03,0.2,0,0.99,11.23,0.06,0,0,0,1,4,0,1,9,1,1.5,2.49,2,7.3,8.3,7.8,0,0,0,0.97,3.8,0,0.01,-2.23,0.94,5.8,5.81,5.8
Ray-Ray McCloud,PIT,WR,9,DAL,0,0,0,0.38,2.27,0.03,0.61,7.71,0.06,0,0,0,0,0,0,2,16,0,1.54,2.15,1.84,1.6,3.6,2.6,0,0,0,-0.38,-2.27,-0.03,1.39,8.29,-0.06,0.06,1.45,0.76
Joe Reed,LAC,WR,9,LV,0,0,0,0.31,1.64,0.02,0.62,7.74,0.05,0,0,0,2,7,0,0,0,0,1.36,1.98,1.67,0.7,0.7,0.7,0,0,0,1.69,5.36,-0.02,-0.62,-7.74,-0.05,-0.66,-1.28,-0.97
Tyron Johnson,LAC,WR,9,LV,0,0,0,0.44,2.32,0.03,0.51,6.55,0.04,0,0,0,0,0,0,1,50,0,1.31,1.82,1.56,5,6,5.5,0,0,0,-0.44,-2.32,-0.03,0.49,43.45,-0.04,3.69,4.18,3.94
Deonte Harris,NO,WR,9,TB,0,0,0,0.24,1.32,0.01,0.23,2.58,0.02,0,0,0,0,0,0,1,40,0,0.57,0.8,0.68,4,5,4.5,0,0,0,-0.24,-1.32,-0.01,0.77,37.42,-0.02,3.43,4.2,3.82
Marquez Callaway,NO,WR,9,TB,0,0,0,0,0,0,0.28,3.39,0.02,0,0,0,0,0,0,2,11,0,0.46,0.74,0.6,1.1,3.1,2.1,0,0,0,0,0,0,1.72,7.61,-0.02,0.64,2.36,1.5
Austin Mack,NYG,WR,9,WSH,0,0,0,0,0,0,0.27,3.14,0.02,0,0,0,0,0,0,4,72,0,0.43,0.7,0.56,7.2,11.2,9.2,0,0,0,0,0,0,3.73,68.86,-0.02,6.77,10.5,8.64
Collin Johnson,JAC,WR,9,HOU,0,0,0,0,0,0,0.28,3.2,0.01,0,0,0,0,0,0,1,9,0,0.38,0.66,0.52,0.9,1.9,1.4,0,0,0,0,0,0,0.72,5.8,-0.01,0.52,1.24,0.88
Tyler Johnson,TB,WR,9,NO,0,0,0,0,0,0,0.25,2.7,0.02,0,0,0,0,0,0,1,11,0,0.39,0.64,0.52,1.1,2.1,1.6,0,0,0,0,0,0,0.75,8.3,-0.02,0.71,1.46,1.08
Isaiah McKenzie,BUF,WR,9,SEA,0,0,0,0,0,0,0.26,2.64,0.02,0,0,0,1,1,0,1,25,1,0.38,0.64,0.51,8.6,9.6,9.1,0,0,0,1,1,0,0.74,22.36,0.98,8.22,8.96,8.59
Riley Ridley,CHI,WR,9,TEN,0,0,0,0,0,0,0.05,0.57,0,0,0,0,0,0,0,2,23,0,0.06,0.11,0.08,2.3,4.3,3.3,0,0,0,0,0,0,1.95,22.43,0,2.24,4.19,3.22
Brandon Zylstra,CAR,WR,9,KC,0,0,0,0,0,0,0.05,0.56,0,0,0,0,0,0,0,1,28,0,0.06,0.11,0.08,2.8,3.8,3.3,0,0,0,0,0,0,0.95,27.44,0,2.74,3.69,3.22
Mack Hollins,MIA,WR,9,ARI,0,0,0,0,0,0,0.04,0.48,0,0,0,0,0,0,0,1,11,1,0.05,0.09,0.07,7.1,8.1,7.6,0,0,0,0,0,0,0.96,10.52,1,7.05,8.01,7.53
Travis Kelce,KC,TE,9,CAR,0,0,0,0,0,0,5.81,68.13,0.51,0,0,0,0,0,0,10,159,0,9.87,15.68,12.77,15.9,25.9,20.9,0,0,0,0,0,0,4.19,90.87,-0.51,6.03,10.22,8.12
Darren Waller,LV,TE,9,LAC,0,0,0,0,0,0,5.47,60.66,0.49,0,0,0,0,0,0,5,22,1,9.01,14.48,11.74,8.2,13.2,10.7,0,0,0,0,0,0,-0.47,-38.66,0.51,-0.81,-1.28,-1.04
TJ Hockenson,DET,TE,9,MIN,0,0,0,0,0,0,4.62,56.21,0.41,0,0,0,0,0,0,5,39,1,8.08,12.7,10.39,9.9,14.9,12.4,0,0,0,0,0,0,0.38,-17.21,0.59,1.82,2.2,2.01
Mark Andrews,BAL,TE,9,IND,0,0,0,0,0,0,3.82,50.09,0.4,0,0,0,0,0,0,3,22,0,7.41,11.23,9.32,2.2,5.2,3.7,0,0,0,0,0,0,-0.82,-28.09,-0.4,-5.21,-6.03,-5.62
Evan Engram,NYG,TE,9,WSH,0,0,0,0.67,3.02,0.03,4.42,46.13,0.35,0,0,0,0,0,0,5,48,1,7.2,11.62,9.41,10.8,15.8,13.3,0,0,0,-0.67,-3.02,-0.03,0.58,1.87,0.65,3.6,4.18,3.89
Hunter Henry,LAC,TE,9,LV,0,0,0,0,0,0,4.31,46.66,0.39,0,0,0,0,0,0,4,33,0,7.01,11.32,9.16,3.3,7.3,5.3,0,0,0,0,0,0,-0.31,-13.66,-0.39,-3.71,-4.02,-3.86
Noah Fant,DEN,TE,9,ATL,0,0,0,0,0,0,4.15,47.29,0.33,0,0,0,0,0,0,3,45,0,6.71,10.86,8.78,4.5,7.5,6,0,0,0,0,0,0,-1.15,-2.29,-0.33,-2.21,-3.36,-2.78
Hayden Hurst,ATL,TE,9,DEN,0,0,0,0,0,0,4.1,46.14,0.33,0,0,0,0,0,0,7,62,0,6.59,10.69,8.64,6.2,13.2,9.7,0,0,0,0,0,0,2.9,15.86,-0.33,-0.39,2.51,1.06
Jonnu Smith,TEN,TE,9,CHI,0,0,0,0,0,0,3.96,42.09,0.35,0,0,0,0,0,0,2,32,1,6.31,10.27,8.29,9.2,11.2,10.2,0,0,0,0,0,0,-1.96,-10.09,0.65,2.89,0.93,1.91
Rob Gronkowski,TB,TE,9,NO,0,0,0,0,0,0,3.32,37.27,0.41,0,0,0,0,0,0,1,2,0,6.19,9.51,7.85,0.2,1.2,0.7,0,0,0,0,0,0,-2.32,-35.27,-0.41,-5.99,-8.31,-7.15
Trey Burton,IND,TE,9,BAL,0,0,0,0.56,2.19,0.04,3.39,35.51,0.28,0,0,0,0,0,0,1,6,0,5.69,9.08,7.39,0.6,1.6,1.1,0,0,0,-0.56,-2.19,-0.04,-2.39,-29.51,-0.28,-5.09,-7.48,-6.28
Jared Cook,NO,TE,9,TB,0,0,0,0,0,0,3.13,42.28,0.24,0,0,0,0,0,0,2,30,0,5.67,8.8,7.24,3,5,4,0,0,0,0,0,0,-1.13,-12.28,-0.24,-2.67,-3.8,-3.23
Mike Gesicki,MIA,TE,9,ARI,0,0,0,0,0,0,3,33.12,0.28,0,0,0,0,0,0,3,42,0,4.99,7.99,6.49,4.2,7.2,5.7,0,0,0,0,0,0,0,8.88,-0.28,-0.79,-0.79,-0.79
Jimmy Graham,CHI,TE,9,TEN,0,0,0,0,0,0,3.44,33.57,0.27,0,0,0,0,0,0,6,55,1,4.98,8.42,6.7,11.5,17.5,14.5,0,0,0,0,0,0,2.56,21.43,0.73,6.52,9.08,7.8
Eric Ebron,PIT,TE,9,DAL,0,0,0,0,0,0,2.77,30.42,0.29,0,0,0,0,0,0,3,22,1,4.78,7.55,6.16,8.2,11.2,9.7,0,0,0,0,0,0,0.23,-8.42,0.71,3.42,3.65,3.53
Jordan Akins,HOU,TE,9,JAC,0,0,0,0,0,0,2.39,27.34,0.25,0,0,0,0,0,0,2,19,0,4.23,6.62,5.43,1.9,3.9,2.9,0,0,0,0,0,0,-0.39,-8.34,-0.25,-2.33,-2.72,-2.53
Greg Olsen,SEA,TE,9,BUF,0,0,0,0,0,0,2.46,24.16,0.26,0,0,0,0,0,0,2,13,0,3.98,6.44,5.21,1.3,3.3,2.3,0,0,0,0,0,0,-0.46,-11.16,-0.26,-2.68,-3.14,-2.91
Albert Okwuegbunam,DEN,TE,9,ATL,0,0,0,0,0,0,2.49,25.42,0.23,0,0,0,0,0,0,1,7,0,3.92,6.41,5.16,0.7,1.7,1.2,0,0,0,0,0,0,-1.49,-18.42,-0.23,-3.22,-4.71,-3.96
Dalton Schultz,DAL,TE,9,PIT,0,0,0,0,0,0,3.05,30,0.15,0,0,0,0,0,0,4,48,0,3.9,6.95,5.42,4.8,8.8,6.8,0,0,0,0,0,0,0.95,18,-0.15,0.9,1.85,1.38
Tyler Eifert,JAC,TE,9,HOU,0,0,0,0,0,0,2.43,27.51,0.16,0,0,0,0,0,0,4,48,0,3.71,6.14,4.92,4.8,8.8,6.8,0,0,0,0,0,0,1.57,20.49,-0.16,1.09,2.66,1.88
Mo Alie-Cox,IND,TE,9,BAL,0,0,0,0,0,0,2.02,25.03,0.2,0,0,0,0,0,0,3,43,0,3.7,5.72,4.71,4.3,7.3,5.8,0,0,0,0,0,0,0.98,17.97,-0.2,0.6,1.58,1.09
Irv Smith,MIN,TE,9,DET,0,0,0,0,0,0,2.14,22.35,0.21,0,0,0,0,0,0,2,10,2,3.5,5.64,4.57,13,15,14,0,0,0,0,0,0,-0.14,-12.35,1.79,9.5,9.36,9.43
Kyle Rudolph,MIN,TE,9,DET,0,0,0,0,0,0,1.99,20.16,0.22,0,0,0,0,0,0,3,40,0,3.34,5.33,4.34,4,7,5.5,0,0,0,0,0,0,1.01,19.84,-0.22,0.66,1.67,1.16
Anthony Firkser,TEN,TE,9,CHI,0,0,0,0,0,0,1.9,19.94,0.17,0,0,0,0,0,0,3,19,0,3.01,4.91,3.96,1.9,4.9,3.4,0,0,0,0,0,0,1.1,-0.94,-0.17,-1.11,-0.01,-0.56
Dan Arnold,ARI,TE,9,MIA,0,0,0,0,0,0,1.59,19.68,0.14,0,0,0,0,0,0,1,16,0,2.81,4.4,3.6,1.6,2.6,2.1,0,0,0,0,0,0,-0.59,-3.68,-0.14,-1.21,-1.8,-1.5
Darren Fells,HOU,TE,9,JAC,0,0,0,0,0,0,1.31,14.37,0.16,0,0,0,0,0,0,2,26,0,2.4,3.71,3.06,2.6,4.6,3.6,0,0,0,0,0,0,0.69,11.63,-0.16,0.2,0.89,0.55
Kaden Smith,NYG,TE,9,WSH,0,0,0,0,0,0,1.62,15.04,0.15,0,0,0,0,0,0,1,8,0,2.4,4.02,3.21,0.8,1.8,1.3,0,0,0,0,0,0,-0.62,-7.04,-0.15,-1.6,-2.22,-1.91
Will Dissly,SEA,TE,9,BUF,0,0,0,0,0,0,1.26,12.93,0.18,0,0,0,0,0,0,1,26,0,2.37,3.63,3,2.6,3.6,3.1,0,0,0,0,0,0,-0.26,13.07,-0.18,0.23,-0.03,0.1
Ian Thomas,CAR,TE,9,KC,0,0,0,0,0,0,1.75,16.3,0.12,0,0,0,0,0,0,1,8,0,2.35,4.1,3.22,0.8,1.8,1.3,0,0,0,0,0,0,-0.75,-8.3,-0.12,-1.55,-2.3,-1.92
Nick Boyle,BAL,TE,9,IND,0,0,0,0,0,0,1.45,14.08,0.14,0,0,0,0,0,0,4,46,0,2.25,3.7,2.98,4.6,8.6,6.6,0,0,0,0,0,0,2.55,31.92,-0.14,2.35,4.9,3.62
Taysom Hill,NO,TE,9,TB,0,0,0,1.56,8.41,0.07,0.6,6.31,0.06,48,0,0,7,54,0,1,21,0,2.25,2.85,2.55,9.42,10.42,9.92,48,0,0,5.44,45.59,-0.07,0.4,14.69,-0.06,7.17,7.57,7.37
Durham Smythe,MIA,TE,9,ARI,0,0,0,0,0,0,1.29,12.88,0.12,0,0,0,0,0,0,1,19,0,2.01,3.3,2.66,1.9,2.9,2.4,0,0,0,0,0,0,-0.29,6.12,-0.12,-0.11,-0.4,-0.25
Jacob Hollister,SEA,TE,9,BUF,0,0,0,0,0,0,0.95,8.47,0.13,0,0,0,0,0,0,5,60,0,1.63,2.58,2.1,6,11,8.5,0,0,0,0,0,0,4.05,51.53,-0.13,4.37,8.42,6.4
James O'Shaughnessy,JAC,TE,9,HOU,0,0,0,0,0,0,1.11,11.61,0.07,0,0,0,0,0,0,1,9,0,1.58,2.69,2.14,0.9,1.9,1.4,0,0,0,0,0,0,-0.11,-2.61,-0.07,-0.68,-0.79,-0.74
Vance McDonald,PIT,TE,9,DAL,0,0,0,0,0,0,0.75,7.33,0.09,0,0,0,0,0,0,1,2,0,1.27,2.02,1.64,0.2,1.2,0.7,0,0,0,0,0,0,0.25,-5.33,-0.09,-1.07,-0.82,-0.94
Tyler Kroft,BUF,TE,9,SEA,0,0,0,0,0,0,0.74,7.59,0.07,0,0,0,0,0,0,1,1,1,1.18,1.92,1.55,6.1,7.1,6.6,0,0,0,0,0,0,0.26,-6.59,0.93,4.92,5.18,5.05
Josh Hill,NO,TE,9,TB,0,0,0,0,0,0,0.6,5.62,0.06,0,0,0,0,0,0,2,14,1,0.92,1.52,1.22,7.4,9.4,8.4,0,0,0,0,0,0,1.4,8.38,0.94,6.48,7.88,7.18
Maxx Williams,ARI,TE,9,MIA,0,0,0,0,0,0,0.37,3.76,0.03,0,0,0,0,0,0,1,4,1,0.56,0.93,0.75,6.4,7.4,6.9,0,0,0,0,0,0,0.63,0.24,0.97,5.84,6.47,6.16
Adam Trautman,NO,TE,9,TB,0,0,0,0,0,0,0.25,2.63,0.03,0,0,0,0,0,0,3,39,1,0.44,0.69,0.56,9.9,12.9,11.4,0,0,0,0,0,0,2.75,36.37,0.97,9.46,12.21,10.84
Nick Vannett,DEN,TE,9,ATL,0,0,0,0,0,0,0.25,2.38,0.02,0,0,0,0,0,0,1,11,0,0.36,0.61,0.48,1.1,2.1,1.6,0,0,0,0,0,0,0.75,8.62,-0.02,0.74,1.49,1.12
Luke Stocker,ATL,TE,9,DEN,0,0,0,0,0,0,0.06,0.57,0.01,0,0,0,0,0,0,1,12,0,0.12,0.18,0.15,1.2,2.2,1.7,0,0,0,0,0,0,0.94,11.43,-0.01,1.08,2.02,1.55
Darrell Daniels,ARI,TE,9,MIA,0,0,0,0,0,0,0.05,0.52,0,0,0,0,0,0,0,1,21,1,0.05,0.1,0.08,8.1,9.1,8.6,0,0,0,0,0,0,0.95,20.48,1,8.05,9,8.52
Chris Boswell,PIT,K,9,DAL,0,0,0,0,0,0,0,0,0,0,0,0,0,0,0,0,0,0,9.38,9.38,9.38,6,6,6,0,0,0,0,0,0,0,0,0,-3.38,-3.38,-3.38
Harrison Butker,KC,K,9,CAR,0,0,0,0,0,0,0,0,0,0,0,0,0,0,0,0,0,0,9.35,9.35,9.35,9,9,9,0,0,0,0,0,0,0,0,0,-0.35,-0.35,-0.35
Dan Bailey,MIN,K,9,DET,0,0,0,0,0,0,0,0,0,0,0,0,0,0,0,0,0,0,8.61,8.61,8.61,3,3,3,0,0,0,0,0,0,0,0,0,-5.61,-5.61,-5.61
Justin Tucker,BAL,K,9,IND,0,0,0,0,0,0,0,0,0,0,0,0,0,0,0,0,0,0,8.29,8.29,8.29,6,6,6,0,0,0,0,0,0,0,0,0,-2.29,-2.29,-2.29
Ka'imi Fairbairn,HOU,K,9,JAC,0,0,0,0,0,0,0,0,0,0,0,0,0,0,0,0,0,0,8.73,8.73,8.73,9,9,9,0,0,0,0,0,0,0,0,0,0.27,0.27,0.27
Younghoe Koo,ATL,K,9,DEN,0,0,0,0,0,0,0,0,0,0,0,0,0,0,0,0,0,0,8.29,8.29,8.29,10,10,10,0,0,0,0,0,0,0,0,0,1.71,1.71,1.71
Daniel Carlson,LV,K,9,LAC,0,0,0,0,0,0,0,0,0,0,0,0,0,0,0,0,0,0,8.28,8.28,8.28,6,6,6,0,0,0,0,0,0,0,0,0,-2.28,-2.28,-2.28
Graham Gano,NYG,K,9,WSH,0,0,0,0,0,0,0,0,0,0,0,0,0,0,0,0,0,0,9.27,9.27,9.27,11,11,11,0,0,0,0,0,0,0,0,0,1.73,1.73,1.73
Zane Gonzalez,ARI,K,9,MIA,0,0,0,0,0,0,0,0,0,0,0,0,0,0,0,0,0,0,8.34,8.34,8.34,7,7,7,0,0,0,0,0,0,0,0,0,-1.34,-1.34,-1.34
Brandon McManus,DEN,K,9,ATL,0,0,0,0,0,0,0,0,0,0,0,0,0,0,0,0,0,0,7.38,7.38,7.38,9,9,9,0,0,0,0,0,0,0,0,0,1.62,1.62,1.62
Jason Myers,SEA,K,9,BUF,0,0,0,0,0,0,0,0,0,0,0,0,0,0,0,0,0,0,8.06,8.06,8.06,10,10,10,0,0,0,0,0,0,0,0,0,1.94,1.94,1.94
Jason Sanders,MIA,K,9,ARI,0,0,0,0,0,0,0,0,0,0,0,0,0,0,0,0,0,0,7.99,7.99,7.99,10,10,10,0,0,0,0,0,0,0,0,0,2.01,2.01,2.01
Mike Badgley,LAC,K,9,LV,0,0,0,0,0,0,0,0,0,0,0,0,0,0,0,0,0,0,7.74,7.74,7.74,8,8,8,0,0,0,0,0,0,0,0,0,0.26,0.26,0.26
Matt Prater,DET,K,9,MIN,0,0,0,0,0,0,0,0,0,0,0,0,0,0,0,0,0,0,7.34,7.34,7.34,8,8,8,0,0,0,0,0,0,0,0,0,0.66,0.66,0.66
Ryan Succop,TB,K,9,NO,0,0,0,0,0,0,0,0,0,0,0,0,0,0,0,0,0,0,7.81,7.81,7.81,3,3,3,0,0,0,0,0,0,0,0,0,-4.81,-4.81,-4.81
Rodrigo Blankenship,IND,K,9,BAL,0,0,0,0,0,0,0,0,0,0,0,0,0,0,0,0,0,0,7.66,7.66,7.66,4,4,4,0,0,0,0,0,0,0,0,0,-3.66,-3.66,-3.66
Wil Lutz,NO,K,9,TB,0,0,0,0,0,0,0,0,0,0,0,0,0,0,0,0,0,0,7.68,7.68,7.68,8,8,8,0,0,0,0,0,0,0,0,0,0.32,0.32,0.32
Stephen Gostkowski,TEN,K,9,CHI,0,0,0,0,0,0,0,0,0,0,0,0,0,0,0,0,0,0,6.76,6.76,6.76,6,6,6,0,0,0,0,0,0,0,0,0,-0.76,-0.76,-0.76
Tyler Bass,BUF,K,9,SEA,0,0,0,0,0,0,0,0,0,0,0,0,0,0,0,0,0,0,6.87,6.87,6.87,14,14,14,0,0,0,0,0,0,0,0,0,7.13,7.13,7.13
Cairo Santos,CHI,K,9,TEN,0,0,0,0,0,0,0,0,0,0,0,0,0,0,0,0,0,0,7.3,7.3,7.3,5,5,5,0,0,0,0,0,0,0,0,0,-2.3,-2.3,-2.3
Dustin Hopkins,WSH,K,9,NYG,0,0,0,0,0,0,0,0,0,0,0,0,0,0,0,0,0,0,6.84,6.84,6.84,8,8,8,0,0,0,0,0,0,0,0,0,1.16,1.16,1.16
Joey Slye,CAR,K,9,KC,0,0,0,0,0,0,0,0,0,0,0,0,0,0,0,0,0,0,6.75,6.75,6.75,7,7,7,0,0,0,0,0,0,0,0,0,0.25,0.25,0.25
Greg Zuerlein,DAL,K,9,PIT,0,0,0,0,0,0,0,0,0,0,0,0,0,0,0,0,0,0,6.26,6.26,6.26,13,13,13,0,0,0,0,0,0,0,0,0,6.74,6.74,6.74
Cam Newton,NE,QB,9,NYJ,222.32,1.49,0.87,8.13,38.44,0.49,0,0,0,274,0,0,9,17,2,0,0,0,20.77,20.77,20.77,24.66,24.66,24.66,51.68,-1.49,-0.87,0.87,-21.44,1.51,0,0,0,3.89,3.89,3.89
Joe Flacco,NYJ,QB,9,NE,231.32,1.05,0.77,1.62,5.7,0.08,0,0,0,262,3,0,0,0,0,0,0,0,13.73,13.73,13.73,22.48,22.48,22.48,30.68,1.95,-0.77,-1.62,-5.7,-0.08,0,0,0,8.75,8.75,8.75
La'Mical Perine,NYJ,RB,9,NE,0,0,0,9.29,38.8,0.27,1.67,10.59,0.05,0,0,0,6,19,0,2,19,0,6.86,8.53,7.7,3.8,5.8,4.8,0,0,0,-3.29,-19.8,-0.27,0.33,8.41,-0.05,-3.06,-2.73,-2.9
Frank Gore,NYJ,RB,9,NE,0,0,0,11,43.76,0.2,0.67,4.78,0.02,0,0,0,12,46,0,2,13,0,6.17,6.84,6.5,5.9,7.9,6.9,0,0,0,1,2.24,-0.2,1.33,8.22,-0.02,-0.27,1.06,0.4
Rex Burkhead,NE,RB,9,NYJ,0,0,0,5.07,20.51,0.19,2.42,21.29,0.12,0,0,0,12,56,1,3,11,0,6.04,8.46,7.25,12.7,15.7,14.2,0,0,0,6.93,35.49,0.81,0.58,-10.29,-0.12,6.66,7.24,6.95
James White,NE,RB,9,NYJ,0,0,0,1.95,7.89,0.07,3.91,33.08,0.23,0,0,0,2,0,0,4,24,0,5.9,9.81,7.86,2.4,6.4,4.4,0,0,0,0.05,-7.89,-0.07,0.09,-9.08,-0.23,-3.5,-3.41,-3.46
Damien Harris,NE,RB,9,NYJ,0,0,0,6.58,27.29,0.22,0.34,2.56,0.02,0,0,0,14,71,0,0,0,0,4.43,4.77,4.6,7.1,7.1,7.1,0,0,0,7.42,43.71,-0.22,-0.34,-2.56,-0.02,2.67,2.33,2.5
Jakobi Meyers,NE,WR,9,NYJ,0,0,0,0.09,0.51,0.01,4.64,61.24,0.4,0,0,0,0,0,0,12,169,0,8.64,13.28,10.96,16.9,28.9,22.9,0,0,0,-0.09,-0.51,-0.01,7.36,107.76,-0.4,8.26,15.62,11.94
Jamison Crowder,NYJ,WR,9,NE,0,0,0,0,0,0,6.06,67.57,0.3,0,0,0,0,0,0,2,26,1,8.56,14.62,11.59,8.6,10.6,9.6,0,0,0,0,0,0,-4.06,-41.57,0.7,0.04,-4.02,-1.99
Damiere Byrd,NE,WR,9,NYJ,0,0,0,0,0,0,3.55,44.31,0.31,0,0,0,0,0,0,5,65,0,6.29,9.84,8.06,6.5,11.5,9,0,0,0,0,0,0,1.45,20.69,-0.31,0.21,1.66,0.94
Breshad Perriman,NYJ,WR,9,NE,0,0,0,0.01,0.07,0,2.93,40.8,0.16,0,0,0,0,0,0,5,101,2,5.05,7.98,6.52,22.1,27.1,24.6,0,0,0,-0.01,-0.07,0,2.07,60.2,1.84,17.05,19.12,18.08
Denzel Mims,NYJ,WR,9,NE,0,0,0,0,0,0,3.31,38.76,0.15,0,0,0,0,0,0,4,62,0,4.78,8.09,6.44,6.2,10.2,8.2,0,0,0,0,0,0,0.69,23.24,-0.15,1.42,2.11,1.76
Nick Folk,NE,K,9,NYJ,0,0,0,0,0,0,0,0,0,0,0,0,0,0,0,0,0,0,8.13,8.13,8.13,12,12,12,0,0,0,0,0,0,0,0,0,3.87,3.87,3.87
Sergio Castillo,NYJ,K,9,NE,0,0,0,0,0,0,0,0,0,0,0,0,0,0,0,0,0,0,5.62,5.62,5.62,9,9,9,0,0,0,0,0,0,0,0,0,3.38,3.38,3.38
Gunner Olszewski,NE,WR,9,NYJ,0,0,0,0,0,0,2.14,26.15,0.15,0,0,0,3,16,0,1,-1,0,3.51,5.65,4.58,1.5,2.5,2,0,0,0,3,16,0,-1.14,-27.15,-0.15,-2.01,-3.15,-2.58
Braxton Berrios,NYJ,WR,9,NE,0,0,0,0.05,0.33,0,1.4,16.03,0.07,0,0,0,0,0,0,1,13,0,2.06,3.46,2.76,1.3,2.3,1.8,0,0,0,-0.05,-0.33,0,-0.4,-3.03,-0.07,-0.76,-1.16,-0.96
Ryan Griffin,NYJ,TE,9,NE,0,0,0,0,0,0,0.27,2.48,0.02,0,0,0,0,0,0,2,28,0,0.37,0.64,0.5,2.8,4.8,3.8,0,0,0,0,0,0,1.73,25.52,-0.02,2.43,4.16,3.3